datapoint,Year,Zipcode,Total Population,White Population,Black Population,Employed Count,Unemployed Count,Poverty Count,Poverty Count - White,Poverty Count - Black,County,Adjusted Median Income,Adjusted Median Rent,Adjusted Median Home Value,% Black Population,% White Population,% Unemployed,% Black Poverty,% White Poverty,% Poverty,Lat,Lon
920,2011,48809,11307.0,10592.0,29.0,4849.0,708.0,2282.0,1841.0,3.0,Kent,64912.353304673714,675.9445805307217,157404.3291736871,0.2564782877863271,93.67648359423366,6.261607853542054,0.026532236667551,16.281949234987174,20.182188025117185,43.084921443,-85.258106657
921,2012,48809,11041.0,10609.0,35.0,4713.0,828.0,2179.0,1943.0,3.0,Kent,63348.08647438522,597.2102929519064,136562.08698833594,0.3170002717145186,96.0873109319808,7.49932071370347,0.0271714518612444,17.59804365546599,19.735531201883887,43.084921443,-85.258106657
922,2013,48809,10848.0,10248.0,41.0,4553.0,716.0,2249.0,1985.0,2.0,Kent,58248.063659817046,618.6723129161176,126873.60328300932,0.3779498525073746,94.46902654867256,6.600294985250738,0.0184365781710914,18.29830383480826,20.73193215339233,43.084921443,-85.258106657
923,2014,48809,10715.0,10104.0,60.0,4595.0,605.0,1958.0,1711.0,4.0,Kent,58730.19844890511,657.7061452419573,120858.33079886455,0.5599626691553896,94.29771348576762,5.646290247316846,0.0373308446103593,15.968268782081193,18.27344843677088,43.084921443,-85.258106657
924,2015,48809,10690.0,9996.0,20.0,4784.0,613.0,1998.0,1884.0,3.0,Kent,58992.24686836809,631.2149845791653,121100.71598239789,0.187090739008419,93.50795135640786,5.734331150608045,0.0280636108512628,17.623947614593078,18.690364826941067,43.084921443,-85.258106657
925,2016,48809,10861.0,10260.0,20.0,4721.0,483.0,1899.0,1772.0,1.0,Kent,57545.103076160274,643.6642014607907,124416.35452299308,0.1841451063437989,94.46643955436885,4.447104318202744,0.0092072553171899,16.315256422060585,17.484577847343708,43.084921443,-85.258106657
926,2017,48809,10690.0,10298.0,43.0,4897.0,377.0,1616.0,1571.0,21.0,Kent,58588.50629895562,645.1547731723238,128285.11096605744,0.402245088868101,96.333021515435,3.5266604303087,0.19644527595884,14.69597754911132,15.116931711880262,43.084921443,-85.258106657
927,2018,48809,10789.0,10393.0,21.0,5074.0,280.0,1406.0,1367.0,1.0,Kent,61907.022249479305,660.1085911583508,136511.42739947513,0.1946426916303642,96.3295949578274,2.595235888404857,0.0092686996014459,12.670312355176568,13.031791639632958,43.084921443,-85.258106657
928,2019,48809,10728.0,10286.0,4.0,4962.0,312.0,1513.0,1408.0,0.0,Kent,62681.20013924907,649.5522907645791,143735.79131414357,0.0372856077554064,95.8799403430276,2.9082774049217,0.0,13.124533929903055,14.103281133482476,43.084921443,-85.258106657
929,2020,48809,11090.0,10600.0,4.0,5396.0,279.0,1169.0,1057.0,0.0,Kent,67431.87790318031,746.4175324850953,161409.84811310188,0.036068530207394,95.58160504959424,2.515779981965735,0.0,9.531109107303877,10.54102795311091,43.084921443,-85.258106657
940,2011,48838,17870.0,17116.0,50.0,7050.0,1052.0,3911.0,3747.0,7.0,Kent,53639.38577125354,708.4549411173697,156727.0299947986,0.2797985450475657,95.78063794068272,5.886961387800784,0.0391717963066592,20.968102965864578,21.885842193620597,43.181899636,-85.273068863
941,2012,48838,17774.0,17055.0,15.0,6988.0,1025.0,3874.0,3734.0,6.0,Kent,52403.21250555328,703.381011698912,146117.45167556644,0.0843929334983684,95.95476538764488,5.7668504557218405,0.0337571733993473,21.00821424552717,21.79588162484528,43.181899636,-85.273068863
942,2013,48838,17928.0,17197.0,16.0,6710.0,912.0,3751.0,3536.0,16.0,Kent,53275.14160123972,720.694385659156,141522.92654867636,0.0892458723784025,95.92257920571171,5.087014725568943,0.0892458723784025,19.723337795626957,20.92257920571173,43.181899636,-85.273068863
943,2014,48838,17909.0,17146.0,38.0,6659.0,809.0,3628.0,3322.0,28.0,Kent,53353.99772742633,804.435109151122,137461.87145174373,0.2121838181919705,95.7395722820928,4.517281813613267,0.1563459712993467,18.54933273772963,20.25797085264392,43.181899636,-85.273068863
944,2015,48838,17925.0,17188.0,28.0,7090.0,720.0,3817.0,3504.0,14.0,Kent,54100.65213043791,802.1958256158841,132285.17701261936,0.1562064156206415,95.8884239888424,4.01673640167364,0.0781032078103207,19.548117154811717,21.29428172942817,43.181899636,-85.273068863
945,2016,48838,18016.0,17339.0,26.0,7638.0,566.0,3670.0,3374.0,15.0,Kent,57173.12356722929,743.9590178619791,140920.5648168595,0.1443161634103019,96.24222912966252,3.1416518650088805,0.0832593250444049,18.72779751332149,20.370781527531083,43.181899636,-85.273068863
946,2017,48838,18130.0,17548.0,40.0,7913.0,470.0,3358.0,3052.0,23.0,Kent,57318.08591710183,752.0590323107049,146806.89539817235,0.2206287920573635,96.78985107556537,2.592388306674021,0.126861555432984,16.833976833976834,18.521787093215664,43.181899636,-85.273068863
947,2018,48838,18301.0,17616.0,104.0,8662.0,378.0,2783.0,2527.0,22.0,Kent,58358.93857200317,729.2743810407516,149737.86792084647,0.5682749576525873,96.25703513469207,2.06546090377575,0.1202120102726627,13.807988634500848,15.20681929949183,43.181899636,-85.273068863
948,2019,48838,18376.0,17647.0,87.0,8914.0,298.0,2827.0,2567.0,12.0,Kent,57352.48767684827,685.3074627332714,151721.1130538182,0.4734436221158032,96.0328689595124,1.6216804527644757,0.0653025685676969,13.969307792773185,15.384196778406617,43.181899636,-85.273068863
949,2020,48838,17573.0,16853.0,81.0,8429.0,380.0,2016.0,1833.0,16.0,Kent,62234.033414344834,736.999014725031,161645.31105710348,0.4609343879815626,95.90280544016387,2.162408239913504,0.091048767996358,10.43077448358277,11.472144767541115,43.181899636,-85.273068863
960,2011,49301,18371.0,17904.0,93.0,8853.0,463.0,499.0,440.0,15.0,Kent,148210.67011945462,1331.5701856947885,389447.0278608868,0.5062326492841979,97.45795002993847,2.520276522780469,0.0816504273039028,2.395079200914485,2.716237548309836,42.964350163,-85.48767344
961,2012,49301,18990.0,18175.0,135.0,9218.0,498.0,524.0,472.0,16.0,Kent,152984.042910529,1323.152582384557,370668.5218254832,0.7109004739336493,95.70826750921536,2.622432859399684,0.0842548709847288,2.4855186940494995,2.7593470247498684,42.964350163,-85.48767344
962,2013,49301,19366.0,18638.0,138.0,9445.0,509.0,364.0,326.0,15.0,Kent,155336.45360302547,1527.7151405624213,359954.8002421048,0.7125890736342043,96.2408344521326,2.6283176701435504,0.0774553340906743,1.6833625942373234,1.879582773933698,42.964350163,-85.48767344
963,2014,49301,19549.0,18696.0,117.0,9695.0,417.0,617.0,583.0,4.0,Kent,156999.99138280618,1478.8735046634226,370554.9886793728,0.5984960867563558,95.63660545296436,2.133101437413678,0.0204614046754309,2.9822497314440635,3.156171671185227,42.964350163,-85.48767344
964,2015,49301,19768.0,18655.0,103.0,9412.0,448.0,700.0,604.0,4.0,Kent,156084.9387427906,1520.829586063447,374486.6089774151,0.5210441116956698,94.36968838526911,2.26628895184136,0.0202347227842978,3.0554431404289764,3.5410764872521248,42.964350163,-85.48767344
965,2016,49301,20101.0,18654.0,299.0,9725.0,391.0,817.0,711.0,3.0,Kent,158844.13719599845,1481.570262534009,395974.0915889953,1.4874881846674295,92.80135316650912,1.9451768568727923,0.0149246306153922,3.537137455847968,4.064474404258495,42.964350163,-85.48767344
966,2017,49301,19998.0,18737.0,225.0,9730.0,310.0,870.0,766.0,1.0,Kent,150132.11508648822,1530.2225930156658,413818.9286879896,1.125112511251125,93.69436943694367,1.5501550155015502,0.005000500050005,3.830383038303831,4.35043504350435,42.964350163,-85.48767344
967,2018,49301,20382.0,18778.0,278.0,10166.0,178.0,865.0,748.0,2.0,Kent,154521.2283369241,1460.9756319019382,435501.7892770811,1.3639485820822297,92.13031105877737,0.8733195957217152,0.0098125797272102,3.6699048179766462,4.243940732018448,42.964350163,-85.48767344
968,2019,49301,20302.0,18664.0,317.0,10346.0,201.0,523.0,403.0,6.0,Kent,157633.8266583743,1514.8274524069357,441695.5577199138,1.5614225199487737,91.93182937641612,0.9900502413555315,0.0295537385479263,1.985026105802384,2.5761008767609104,42.964350163,-85.48767344
969,2020,49301,19922.0,18110.0,404.0,10546.0,101.0,397.0,366.0,9.0,Kent,168616.19151427102,1360.9758163292906,454914.4078111054,2.027908844493525,90.90452765786569,0.5069772111233812,0.0451761871298062,1.837164943278787,1.9927718100592309,42.964350163,-85.48767344
970,2011,49302,7755.0,7626.0,0.0,3609.0,328.0,348.0,313.0,0.0,Kent,105725.04722613686,1017.303366690525,299908.0764118272,0.0,98.33655705996132,4.229529335912314,0.0,4.036105738233397,4.48742746615087,42.822861162,-85.428837142
971,2012,49302,7830.0,7678.0,6.0,3679.0,312.0,406.0,364.0,0.0,Kent,96087.15473400873,987.387684347152,284006.67264823994,0.0766283524904214,98.058748403576,3.984674329501916,0.0,4.648786717752236,5.185185185185185,42.822861162,-85.428837142
972,2013,49302,8241.0,8018.0,30.0,3797.0,294.0,580.0,533.0,7.0,Kent,98903.85964791784,1020.2207274303842,273236.0384105221,0.3640334910811795,97.29401771629657,3.5675282125955587,0.0849411479189418,6.467661691542288,7.037980827569469,42.822861162,-85.428837142
973,2014,49302,8507.0,8310.0,35.0,4016.0,256.0,512.0,505.0,7.0,Kent,101255.85605907002,982.0543812516896,269646.6485874561,0.4114258845656517,97.68426002115903,3.0092864699659105,0.0822851769131303,5.93628776301869,6.018572939931821,42.822861162,-85.428837142
974,2015,49302,8332.0,8136.0,32.0,4098.0,199.0,606.0,603.0,3.0,Kent,98527.38825485091,806.0525363159605,266113.03830526926,0.3840614498319731,97.64762361977915,2.3883821411425825,0.0360057609217474,7.237157945271242,7.273163706192991,42.822861162,-85.428837142
975,2016,49302,8356.0,8178.0,34.0,4108.0,146.0,408.0,405.0,3.0,Kent,101814.473302862,802.3585312095063,287808.0364322707,0.4068932503590234,97.86979415988512,1.7472474868358068,0.0359023456199138,4.846816658688367,4.8827190043082815,42.822861162,-85.428837142
976,2017,49302,8688.0,8448.0,34.0,4388.0,131.0,349.0,347.0,2.0,Kent,106446.8083550914,919.87385770235,299580.5401436031,0.3913443830570903,97.23756906077348,1.5078268876611418,0.0230202578268876,3.9940147329650095,4.017034990791897,42.822861162,-85.428837142
977,2018,49302,8875.0,8686.0,4.0,4396.0,124.0,220.0,220.0,0.0,Kent,105113.79909759584,987.7360169170912,306877.68879402004,0.0450704225352112,97.87042253521126,1.3971830985915492,0.0,2.4788732394366195,2.4788732394366195,42.822861162,-85.428837142
978,2019,49302,8717.0,8468.0,4.0,4306.0,131.0,180.0,169.0,4.0,Kent,104402.71847045064,773.5035535893795,317625.11098855105,0.0458873465641849,97.14351267637949,1.5028105999770562,0.0458873465641849,1.9387403923368132,2.0649305953883217,42.822861162,-85.428837142
979,2020,49302,9216.0,8990.0,2.0,4543.0,201.0,171.0,161.0,2.0,Kent,113508.44410013485,1040.7462124871045,339184.3708343154,0.0217013888888888,97.54774305555556,2.180989583333333,0.0217013888888888,1.7469618055555556,1.85546875,42.822861162,-85.428837142
990,2011,49306,10160.0,9651.0,35.0,4957.0,337.0,336.0,316.0,12.0,Kent,96891.71133507308,978.0200143149922,248026.95930896825,0.3444881889763779,94.99015748031496,3.316929133858268,0.1181102362204724,3.1102362204724407,3.307086614173228,43.072306466,-85.584097007
991,2012,49306,10015.0,9602.0,29.0,4994.0,308.0,395.0,380.0,8.0,Kent,92879.4718938648,954.2093347387128,231850.30706377345,0.2895656515227159,95.87618572141788,3.075386919620569,0.0798801797304043,3.794308537194209,3.944083874188717,43.072306466,-85.584097007
992,2013,49306,10450.0,9915.0,29.0,5099.0,378.0,573.0,555.0,9.0,Kent,100125.50857025116,612.1324364582305,225233.34520963096,0.277511961722488,94.8803827751196,3.6172248803827753,0.0861244019138755,5.311004784688995,5.483253588516746,43.072306466,-85.584097007
993,2014,49306,10045.0,9469.0,28.0,5024.0,312.0,598.0,567.0,18.0,Kent,89857.33233644228,653.844856718032,221895.38050824543,0.2787456445993031,94.26580388252862,3.106022896963663,0.1791936286709806,5.644599303135889,5.9532105525136885,43.072306466,-85.584097007
994,2015,49306,10085.0,9520.0,26.0,5308.0,323.0,618.0,597.0,17.0,Kent,92089.2525261901,667.2109511132113,223946.33465110097,0.2578086266732771,94.39762022806148,3.202776400594943,0.1685671789786812,5.919682697074864,6.127912741695588,43.072306466,-85.584097007
995,2016,49306,10083.0,9661.0,17.0,5314.0,317.0,717.0,704.0,10.0,Kent,94671.9589095318,648.7424200127497,225218.99277937724,0.1686006148963602,95.8147376772786,3.143905583655658,0.0991768322919765,6.982048993355153,7.110978875334721,43.072306466,-85.584097007
996,2017,49306,10293.0,9673.0,22.0,5242.0,389.0,635.0,618.0,14.0,Kent,98583.12994451696,650.1270642950392,242274.88495430807,0.213737491499077,93.9764888759351,3.7792674633245897,0.1360147673175945,6.004080443019528,6.169241231905178,43.072306466,-85.584097007
997,2018,49306,10594.0,10104.0,26.0,5488.0,448.0,704.0,683.0,18.0,Kent,98626.7760675728,657.6817213379157,259796.4142775789,0.2454219369454408,95.37474041910517,4.228808759675288,0.1699074948083821,6.447045497451387,6.645270908061167,43.072306466,-85.584097007
998,2019,49306,10650.0,10056.0,32.0,5593.0,417.0,856.0,733.0,4.0,Kent,103572.00664171136,601.8787281396559,279486.2608886125,0.3004694835680751,94.4225352112676,3.915492957746479,0.0375586854460093,6.882629107981221,8.03755868544601,43.072306466,-85.584097007
999,2020,49306,10924.0,10206.0,70.0,5660.0,424.0,840.0,718.0,6.0,Kent,100623.9118043669,521.5504209635603,298096.087106035,0.6407909190772612,93.42731600146466,3.881362138410839,0.054924935920908,6.572683998535335,7.689491028927133,43.072306466,-85.584097007
1000,2011,49315,19581.0,18540.0,173.0,9393.0,642.0,809.0,753.0,24.0,Kent,91967.74630455369,950.928047159452,256290.00929140789,0.8835095245390939,94.68362187835146,3.278688524590164,0.1225677953117818,3.8455645779071546,4.131556100301313,42.835089225,-85.733592007
1001,2012,49315,19552.0,18428.0,90.0,9493.0,595.0,1271.0,1201.0,21.0,Kent,85568.29077414915,951.5550667700376,241007.5315557027,0.4603109656301145,94.25122749590837,3.0431669394435352,0.10740589198036,6.142594108019639,6.500613747954173,42.835089225,-85.733592007
1002,2013,49315,20135.0,19144.0,125.0,9810.0,623.0,1325.0,1247.0,20.0,Kent,84620.76946389249,936.5103087694296,233604.38707572644,0.6208095356344674,95.07822200148996,3.0941147256021853,0.0993295257015147,6.193195927489446,6.580581077725355,42.835089225,-85.733592007
1003,2014,49315,20734.0,19613.0,166.0,10188.0,653.0,970.0,906.0,2.0,Kent,85366.65378311706,967.89632333063,234380.2134022709,0.8006173434937783,94.59342143339444,3.149416417478538,0.0096459920902864,4.369634416899778,4.678306163788946,42.835089225,-85.733592007
1004,2015,49315,21046.0,19912.0,240.0,10456.0,639.0,962.0,918.0,2.0,Kent,89132.44098946489,979.604517819397,240144.51959142173,1.140359213152143,94.61180271785612,3.0362064050175808,0.0095029934429345,4.361873990306947,4.570939846051506,42.835089225,-85.733592007
1005,2016,49315,21996.0,20564.0,294.0,11186.0,486.0,1203.0,1035.0,3.0,Kent,88976.73680350989,949.6268692163144,253910.92759794503,1.336606655755592,93.48972540461902,2.20949263502455,0.0136388434260774,4.705400981996727,5.4691762138570645,42.835089225,-85.733592007
1006,2017,49315,22617.0,21045.0,405.0,11238.0,484.0,971.0,833.0,4.0,Kent,88512.9973482376,960.895259464752,268255.1060704961,1.7906884202148827,93.0494760578326,2.1399831984790203,0.0176858115576778,3.683070256886413,4.293230755626299,42.835089225,-85.733592007
1007,2018,49315,22744.0,20832.0,310.0,11487.0,338.0,843.0,707.0,6.0,Kent,93762.1155125106,1007.150975480572,276784.5030206247,1.362996834329933,91.5933872669715,1.486106225817798,0.0263805838902567,3.1085121350685894,3.7064720365810766,42.835089225,-85.733592007
1008,2019,49315,23283.0,21260.0,332.0,11899.0,266.0,768.0,618.0,0.0,Kent,97947.71809103603,1055.9694121420496,289020.9734135971,1.4259330842245417,91.31125714040289,1.1424644590473738,0.0,2.6542971266589355,3.29854400206159,42.835089225,-85.733592007
1009,2020,49315,23116.0,20986.0,258.0,11702.0,440.0,892.0,685.0,0.0,Kent,102559.41720406013,1101.9665779275224,302334.4200980638,1.1161100536424986,90.7856030455096,1.9034435023360443,0.0,2.963315452500433,3.858799100190344,42.835089225,-85.733592007
1010,2011,49316,19552.0,18111.0,405.0,9747.0,607.0,909.0,800.0,3.0,Kent,101281.96461262832,982.0838093883232,257102.7683060741,2.071399345335516,92.62990998363338,3.104541734860884,0.0153436988543371,4.091653027823241,4.649140752864158,42.814486849,-85.548086473
1011,2012,49316,20081.0,18521.0,451.0,10066.0,649.0,841.0,717.0,9.0,Kent,105423.54231382352,1085.5955991881322,247377.774680523,2.2459040884418107,92.23146257656492,3.2319107614162643,0.0448184851352024,3.570539315771127,4.188038444300583,42.814486849,-85.548086473
1012,2013,49316,20073.0,18278.0,460.0,10359.0,571.0,877.0,743.0,26.0,Kent,105205.68460273783,1085.619492009255,239621.0734169825,2.2916355303143527,91.05763961540376,2.8446171474119466,0.1295272256264634,3.701489563094704,4.369052956708016,42.814486849,-85.548086473
1013,2014,49316,20912.0,18898.0,362.0,10579.0,419.0,1019.0,869.0,27.0,Kent,103404.0195745472,1048.983382333063,236825.6961340903,1.73106350420811,90.3691660290742,2.0036342769701605,0.1291124713083397,4.155508798775823,4.872800306044376,42.814486849,-85.548086473
1014,2015,49316,21598.0,20052.0,321.0,11004.0,551.0,1674.0,1509.0,41.0,Kent,103349.56220017972,1045.168599720695,242072.87494145992,1.4862487267339568,92.84192980831558,2.5511621446430226,0.1898323918881377,6.986758033151218,7.750717659042504,42.814486849,-85.548086473
1015,2016,49316,21940.0,20291.0,419.0,11314.0,477.0,1288.0,1155.0,33.0,Kent,103563.91959401184,1034.6870299616262,248197.9317269913,1.90975387420237,92.48404740200546,2.1741112123974475,0.1504102096627165,5.264357338195078,5.870556061987238,42.814486849,-85.548086473
1016,2017,49316,22331.0,20630.0,425.0,11437.0,405.0,1207.0,1107.0,25.0,Kent,107160.33213120104,1029.264262402089,267012.0332898172,1.9031839147373604,92.38278626125116,1.81362231874972,0.1119519949845506,4.957234337915901,5.405042317854105,42.814486849,-85.548086473
1017,2018,49316,23140.0,20873.0,596.0,11948.0,340.0,1382.0,1133.0,77.0,Kent,102809.4862030927,1104.2257682979766,282366.3036076255,2.575626620570441,90.20311149524632,1.4693171996542784,0.3327571305099395,4.89628349178911,5.972342264477096,42.814486849,-85.548086473
1018,2019,49316,23391.0,21143.0,631.0,11778.0,432.0,1306.0,1142.0,65.0,Kent,106462.21637584732,1072.6551590607728,291404.6515448433,2.697618742251293,90.38946603394469,1.846864178530204,0.2778846564918131,4.882219657133086,5.583344021204737,42.814486849,-85.548086473
1019,2020,49316,24193.0,21467.0,564.0,12290.0,620.0,929.0,562.0,71.0,Kent,101327.9460069317,1137.2860195277635,297625.1612180317,2.331252841731079,88.73227793163312,2.5627247550944485,0.2934733187285578,2.3229859876823875,3.839953705617327,42.814486849,-85.548086473
1030,2011,49319,15763.0,15184.0,93.0,7055.0,851.0,1702.0,1643.0,24.0,Kent,71739.52902786978,795.1492360150975,190050.14959611272,0.5899892152509041,96.32684133730888,5.398718518048595,0.152255281355072,10.423142802765971,10.79743703609719,43.22007814,-85.539322689
1031,2012,49319,15674.0,14977.0,91.0,7060.0,957.0,1587.0,1538.0,20.0,Kent,75138.34479124019,829.4587402109811,179163.0878855719,0.580579303304836,95.5531453362256,6.105652673216793,0.1275998468801837,9.81242822508613,10.12504784994258,43.22007814,-85.539322689
1032,2013,49319,15987.0,15095.0,131.0,7365.0,884.0,1668.0,1606.0,17.0,Kent,75368.15225127384,774.32137261383,170821.57308001048,0.8194157753174454,94.42046662913616,5.529492712829174,0.1063363983236379,10.04566210045662,10.433477200225184,43.22007814,-85.539322689
1033,2014,49319,16401.0,15420.0,139.0,7844.0,756.0,1724.0,1598.0,17.0,Kent,73027.26275682618,728.4964348472561,165777.98729386323,0.8475092982135236,94.01865739893908,4.609475032010243,0.1036522163282726,9.74330833485763,10.511554173526005,43.22007814,-85.539322689
1034,2015,49319,16569.0,15581.0,157.0,7942.0,756.0,1781.0,1634.0,32.0,Kent,76302.45006054419,707.0636283473337,162624.63451988675,0.9475526585792746,94.03705715492788,4.562737642585551,0.1931317520671132,9.861790089926972,10.748989075985277,43.22007814,-85.539322689
1035,2016,49319,16507.0,15590.0,140.0,7760.0,670.0,1551.0,1392.0,34.0,Kent,75716.23860970722,696.9854962563592,168342.9449974376,0.8481250378627249,94.44478100199916,4.058884109771612,0.2059732234809474,8.43278609074938,9.396013812322044,43.22007814,-85.539322689
1036,2017,49319,16780.0,15881.0,167.0,8257.0,522.0,1431.0,1271.0,34.0,Kent,77863.59283616187,717.2529944516971,173284.34562663184,0.9952324195470796,94.64243146603098,3.1108462455303934,0.2026221692491061,7.574493444576877,8.528009535160907,43.22007814,-85.539322689
1037,2018,49319,16886.0,16155.0,136.0,8693.0,527.0,1390.0,1237.0,38.0,Kent,78997.03952498337,723.2072064896637,176312.09245461097,0.8054009238422363,95.67097003434796,3.120928579888665,0.2250384934265071,7.325595167594456,8.231671206916973,43.22007814,-85.539322689
1038,2019,49319,16705.0,16049.0,127.0,8791.0,473.0,1157.0,1089.0,41.0,Kent,80971.16244030086,729.4055081613255,189502.41143406983,0.7602514217300209,96.07303202633942,2.831487578569291,0.2454354983537862,6.519006285543251,6.926070038910506,43.22007814,-85.539322689
1039,2020,49319,18341.0,17062.0,59.0,9357.0,341.0,1165.0,1092.0,4.0,Kent,77739.26827685068,859.4397456058668,203086.7892013864,0.3216836595605474,93.02655253257728,1.8592225069516384,0.0218090616651218,5.953873834578268,6.351889209966741,43.22007814,-85.539322689
1040,2011,49321,15850.0,13582.0,851.0,8417.0,840.0,1925.0,1361.0,476.0,Kent,63847.63899546099,812.7590146661985,200074.1774436625,5.369085173501578,85.69085173501577,5.299684542586751,3.003154574132492,8.586750788643533,12.145110410094636,43.059320652,-85.667432954
1041,2012,49321,15792.0,13395.0,867.0,8255.0,755.0,2329.0,1485.0,514.0,Kent,62416.43841738025,792.2989886495293,191903.5741352126,5.490121580547112,84.82142857142857,4.780901722391084,3.254812563323202,9.403495440729484,14.747973657548124,43.059320652,-85.667432954
1042,2013,49321,16115.0,13148.0,1099.0,8335.0,895.0,2679.0,1475.0,603.0,Kent,64178.42363182905,795.2489772790686,186648.0741080972,6.819733167856034,81.58858206639776,5.553831833695315,3.7418554142103626,9.152963077877754,16.624263108904746,43.059320652,-85.667432954
1043,2014,49321,16479.0,13669.0,1090.0,8407.0,908.0,2915.0,1539.0,612.0,Kent,63277.50923391457,787.7028588807786,180965.7221546364,6.614479033921962,82.94799441713695,5.510043085138661,3.713817586018569,9.339158929546697,17.689180168699554,43.059320652,-85.667432954
1044,2015,49321,16698.0,14128.0,1134.0,8770.0,716.0,2901.0,1795.0,547.0,Kent,62158.6063531308,804.7669660826017,181393.95992692508,6.791232482932087,84.60893520182057,4.287938675290454,3.275841418133908,10.74979039405917,17.373338124326267,43.059320652,-85.667432954
1045,2016,49321,16875.0,14616.0,1082.0,9020.0,573.0,2733.0,1683.0,483.0,Kent,64851.39001779114,807.4367497614653,182308.04601532457,6.411851851851852,86.61333333333333,3.395555555555556,2.8622222222222224,9.973333333333333,16.195555555555554,43.059320652,-85.667432954
1046,2017,49321,17036.0,15180.0,910.0,9368.0,521.0,2086.0,1729.0,168.0,Kent,66193.62557114882,853.9910003263708,189195.6772193212,5.3416294904907256,89.10542380840573,3.058229631368866,0.9861469828598264,10.14909603193238,12.244658370509509,43.059320652,-85.667432954
1047,2018,49321,17354.0,15351.0,894.0,9393.0,392.0,1804.0,1542.0,135.0,Kent,65144.46658993975,871.2462655362057,193057.4942156133,5.151550074910683,88.45799239368445,2.258845223003342,0.7779186354730898,8.885559525181515,10.395297914025583,43.059320652,-85.667432954
1048,2019,49321,17160.0,15138.0,785.0,9231.0,337.0,1825.0,1602.0,103.0,Kent,68968.15121041083,880.7690694954567,201659.16990342527,4.574592074592075,88.21678321678321,1.963869463869464,0.6002331002331002,9.335664335664337,10.635198135198134,43.059320652,-85.667432954
1049,2020,49321,16926.0,14277.0,575.0,8447.0,332.0,1323.0,1235.0,30.0,Kent,72161.1511334526,880.6314105660115,217450.0287854844,3.397140493914688,84.34952144629564,1.96147938083422,0.1772421127259837,7.296466973886329,7.816377171215881,43.059320652,-85.667432954
1050,2011,49325,1763.0,1726.0,0.0,800.0,122.0,110.0,106.0,0.0,Kent,86779.63459426779,715.2279329062545,201428.7758014395,0.0,97.9013045944413,6.920022688598978,0.0,6.012478729438457,6.239364719228588,42.767542907,-85.336068233
1051,2012,49325,1683.0,1643.0,0.0,795.0,149.0,144.0,141.0,0.0,Kent,84343.34610660558,715.3252175579502,185798.75780725977,0.0,97.6232917409388,8.85323826500297,0.0,8.377896613190732,8.55614973262032,42.767542907,-85.336068233
1052,2013,49325,1625.0,1567.0,0.0,846.0,139.0,135.0,132.0,0.0,Kent,81203.03002700068,693.2269045360302,161665.7460389686,0.0,96.43076923076924,8.553846153846154,0.0,8.123076923076923,8.307692307692308,42.767542907,-85.336068233
1053,2014,49325,1601.0,1529.0,0.0,822.0,100.0,155.0,122.0,0.0,Kent,80765.28495877264,707.9028960529873,151233.80052041094,0.0,95.50281074328544,6.2460961898813245,0.0,7.620237351655215,9.681449094316052,42.767542907,-85.336068233
1054,2015,49325,1739.0,1667.0,0.0,852.0,84.0,203.0,155.0,0.0,Kent,77864.41789407512,749.4874460481738,147583.46278958893,0.0,95.85968947671076,4.830362277170788,0.0,8.913168487636574,11.673375503162738,42.767542907,-85.336068233
1055,2016,49325,1810.0,1749.0,0.0,865.0,66.0,182.0,135.0,0.0,Kent,77463.14579158108,780.776102363681,153996.97758815368,0.0,96.62983425414365,3.6464088397790055,0.0,7.458563535911603,10.05524861878453,42.767542907,-85.336068233
1056,2017,49325,1947.0,1906.0,0.0,915.0,63.0,195.0,166.0,0.0,Kent,76320.93951533941,683.6900293733681,159983.46687336813,0.0,97.89419619928094,3.235747303543913,0.0,8.52593733949666,10.015408320493066,42.767542907,-85.336068233
1057,2018,49325,1950.0,1883.0,0.0,872.0,50.0,235.0,191.0,0.0,Kent,78656.06431521224,643.120502415305,178374.93180198083,0.0,96.56410256410255,2.564102564102564,0.0,9.794871794871794,12.051282051282053,42.767542907,-85.336068233
1058,2019,49325,2050.0,2019.0,4.0,895.0,61.0,181.0,178.0,0.0,Kent,84261.83010048619,595.9195328115404,184377.5034518906,0.1951219512195122,98.48780487804878,2.975609756097561,0.0,8.682926829268292,8.829268292682926,42.767542907,-85.336068233
1059,2020,49325,2339.0,2307.0,3.0,992.0,42.0,165.0,162.0,0.0,Kent,88105.52438652146,662.8281873645248,208502.43691342333,0.1282599401453612,98.63189397178282,1.7956391620350578,0.0,6.926036767849508,7.05429670799487,42.767542907,-85.336068233
1060,2011,49326,3545.0,3378.0,7.0,1700.0,226.0,641.0,611.0,0.0,Kent,70386.28526845056,849.3331703261774,191811.12746122284,0.1974612129760225,95.28913963328633,6.375176304654443,0.0,17.235543018335683,18.08180535966149,43.216842265,-85.33042467
1061,2012,49326,3928.0,3742.0,13.0,1701.0,303.0,740.0,707.0,0.0,Kent,68258.48221643423,828.1316062266436,171465.71077641402,0.3309572301425661,95.26476578411406,7.713849287169043,0.0,17.998981670061102,18.83910386965377,43.216842265,-85.33042467
1062,2013,49326,3943.0,3748.0,5.0,1740.0,240.0,703.0,674.0,0.0,Kent,69050.63159295492,810.9446807779976,165458.87438454307,0.1268069997463859,95.05452700989096,6.086735987826528,0.0,17.093583565812835,17.829064164341872,43.216842265,-85.33042467
1063,2014,49326,4015.0,3736.0,4.0,1769.0,208.0,691.0,629.0,0.0,Kent,68443.91327892675,773.5448009597188,167708.6315558259,0.099626400996264,93.0510585305106,5.180572851805729,0.0,15.666251556662516,17.210460772104607,43.216842265,-85.33042467
1064,2015,49326,4000.0,3702.0,187.0,1817.0,157.0,497.0,456.0,0.0,Kent,70288.55250889176,704.4924878806162,150797.3883729859,4.675,92.55,3.925,0.0,11.4,12.425,43.216842265,-85.33042467
1065,2016,49326,4032.0,3643.0,231.0,1745.0,126.0,556.0,472.0,0.0,Kent,64329.60306157736,774.4283291737324,130637.17224914274,5.729166666666666,90.35218253968252,3.125,0.0,11.706349206349206,13.78968253968254,43.216842265,-85.33042467
1066,2017,49326,4051.0,3702.0,209.0,1785.0,57.0,485.0,416.0,0.0,Kent,66427.32325391645,749.5728867493473,137732.4640992167,5.1592199456924215,91.3848432485806,1.407059985188842,0.0,10.269069365588743,11.972352505554184,43.216842265,-85.33042467
1067,2018,49326,4074.0,3734.0,227.0,1774.0,50.0,451.0,393.0,0.0,Kent,66556.90482543298,666.1757657094386,146582.93715428084,5.571919489445263,91.6543937162494,1.2272950417280315,0.0,9.646539027982328,11.070201276386843,43.216842265,-85.33042467
1068,2019,49326,4308.0,4064.0,189.0,2026.0,87.0,459.0,443.0,0.0,Kent,68365.08064320554,653.1278079614483,144331.7108469551,4.387186629526462,94.33611884865368,2.01949860724234,0.0,10.283194057567318,10.654596100278551,43.216842265,-85.33042467
1069,2020,49326,4257.0,4180.0,0.0,1793.0,51.0,420.0,407.0,0.0,Kent,71053.29798192503,646.3457812844122,162822.6257771115,0.0,98.19121447028424,1.1980267794221282,0.0,9.560723514211883,9.866102889358704,43.216842265,-85.33042467
1070,2011,49330,5519.0,5050.0,115.0,2309.0,268.0,482.0,349.0,64.0,Kent,69606.03661437101,837.1417851061844,166886.51767812608,2.0837108171770247,91.50208371081716,4.855952165247327,1.1596303678202573,6.32360934951984,8.733466207646313,43.214250828,-85.740054209
1071,2012,49330,5356.0,4862.0,140.0,2236.0,311.0,518.0,383.0,68.0,Kent,73440.94042527245,887.8526355218343,161644.91929231602,2.6138909634055265,90.77669902912622,5.806572068707991,1.2696041822255415,7.150858849887976,9.671396564600448,43.214250828,-85.740054209
1072,2013,49330,5277.0,4796.0,148.0,2227.0,326.0,571.0,432.0,80.0,Kent,64017.54267096503,920.8146052705004,158134.21275170954,2.8046238393026344,90.88497252226644,6.177752510896343,1.516012886109532,8.186469584991473,10.820541974606783,43.214250828,-85.740054209
1073,2014,49330,5399.0,4872.0,207.0,2349.0,340.0,678.0,511.0,109.0,Kent,61606.85839922952,907.4028031224656,151105.09090294674,3.834043341359511,90.23893313576588,6.297462493054269,2.018892387479163,9.464715688090388,12.557881089090571,43.214250828,-85.740054209
1074,2015,49330,5383.0,4959.0,211.0,2374.0,292.0,746.0,620.0,57.0,Kent,59530.90079614543,674.924372513364,153239.9718163676,3.919747352777262,92.1233512911016,5.424484488203604,1.0588890953000183,11.517741036596693,13.858443247259892,43.214250828,-85.740054209
1075,2016,49330,5384.0,5026.0,128.0,2402.0,295.0,765.0,676.0,20.0,Kent,62695.68624248459,780.776102363681,157170.864183128,2.37741456166419,93.35066864784548,5.479197622585438,0.3714710252600297,12.555720653789004,14.208766716196136,43.214250828,-85.740054209
1076,2017,49330,5561.0,5267.0,114.0,2438.0,216.0,706.0,613.0,24.0,Kent,66375.11419712794,753.3021050913839,167814.8253916449,2.049991008811365,94.71318108253912,3.884193490379429,0.4315770544866031,11.023197266678656,12.695558352814244,43.214250828,-85.740054209
1077,2018,49330,5590.0,5249.0,130.0,2478.0,201.0,665.0,624.0,16.0,Kent,74736.66955520953,734.1281206816218,171943.72677782775,2.3255813953488373,93.89982110912344,3.5957066189624327,0.2862254025044722,11.16279069767442,11.896243291592128,43.214250828,-85.740054209
1078,2019,49330,5724.0,5410.0,108.0,2656.0,196.0,672.0,627.0,25.0,Kent,80254.8671618614,779.4627489174949,184258.3195453284,1.8867924528301887,94.51432564640112,3.4241788958770094,0.4367575122292104,10.953878406708595,11.740041928721174,43.214250828,-85.740054209
1079,2020,49330,5852.0,5626.0,43.0,2530.0,361.0,459.0,422.0,22.0,Kent,83338.5770852089,822.9429892856177,198259.7988493534,0.7347915242652086,96.13807245386192,6.1688311688311686,0.3759398496240601,7.21120984278879,7.843472317156527,43.214250828,-85.740054209
1080,2011,49331,16463.0,15754.0,198.0,8012.0,839.0,1279.0,1037.0,18.0,Kent,75806.03329791634,759.9296787128955,219851.31346720667,1.2026969568122456,95.69337301828342,5.096276498815526,0.1093360869829314,6.298973455627771,7.768936402842738,42.942366483,-85.367795183
1081,2012,49331,16666.0,16087.0,187.0,7861.0,883.0,1614.0,1399.0,9.0,Kent,78419.02000052267,821.4959363049558,211279.7303065411,1.122044881795272,96.52586103444138,5.298211928477139,0.0540021600864034,8.394335773430937,9.68438737549502,42.942366483,-85.367795183
1082,2013,49331,17266.0,16712.0,182.0,8136.0,945.0,1627.0,1433.0,0.0,Kent,82067.60169473336,799.1729031538009,207314.0837150204,1.054094752693154,96.79138190663733,5.473184292829839,0.0,8.299548245105989,9.423143750723966,42.942366483,-85.367795183
1083,2014,49331,16998.0,16381.0,161.0,8188.0,836.0,1974.0,1714.0,15.0,Kent,81981.59084380914,835.325417342525,205420.5494728305,0.9471702553241556,96.37016119543476,4.918225673608659,0.0882456759618778,10.083539239910577,11.613130956583127,42.942366483,-85.367795183
1084,2015,49331,17165.0,16585.0,129.0,8490.0,721.0,1855.0,1691.0,5.0,Kent,84076.29326166477,849.7619242501593,206719.6935240932,0.7515292746868628,96.62103116807457,4.200407806583163,0.0291290416545295,9.8514418875619,10.806874453830469,42.942366483,-85.367795183
1085,2016,49331,17454.0,16934.0,69.0,8977.0,685.0,1658.0,1532.0,7.0,Kent,87996.64062298182,842.9842796251776,212142.5800080831,0.3953248539016845,97.02074023146557,3.924601810473244,0.0401054199610404,8.777357625759139,9.499255185057866,42.942366483,-85.367795183
1086,2017,49331,17442.0,16861.0,104.0,9332.0,494.0,1201.0,1160.0,7.0,Kent,91618.19315437337,890.0401109660575,212316.83093994777,0.5962618965714941,96.66895998165349,2.832244008714597,0.0401330122692351,6.650613461758972,6.885678247907349,42.942366483,-85.367795183
1087,2018,49331,17579.0,16833.0,199.0,9563.0,377.0,1360.0,1276.0,13.0,Kent,91890.99888095511,941.625490328824,229945.915486227,1.132032538824734,95.75630013083791,2.144604357471984,0.0739518743955856,7.258660902212867,7.736503782922806,42.942366483,-85.367795183
1088,2019,49331,18028.0,17213.0,157.0,9851.0,344.0,1251.0,1212.0,9.0,Kent,95067.04306942504,923.6752758578876,245042.11189210543,0.8708675393831817,95.47925449301088,1.908142888839583,0.0499223430219658,6.722875526958065,6.93920568005325,42.942366483,-85.367795183
1089,2020,49331,18118.0,16840.0,334.0,9777.0,278.0,1021.0,999.0,15.0,Kent,96508.0195432188,943.0290907264376,272195.16326585814,1.843470581741914,92.94624130698752,1.534385693785186,0.0827905949884093,5.513853626228061,5.6352798322110615,42.942366483,-85.367795183
1090,2011,49341,33085.0,32101.0,105.0,16076.0,1198.0,1889.0,1716.0,12.0,Kent,103412.74782941151,866.9429489772783,260624.72403629427,0.3173643645156415,97.02584252682485,3.620976273235605,0.0362702130875018,5.18664047151277,5.709536043524255,43.115407253,-85.532578691
1091,2012,49341,33697.0,32602.0,121.0,15698.0,1159.0,2275.0,2123.0,10.0,Kent,100227.81276514192,875.9084296627962,246979.63448522176,0.3590824108971125,96.75045256254263,3.439475324212838,0.0296762323055464,6.300264118467519,6.751342849511826,43.115407253,-85.532578691
1092,2013,49341,33588.0,32444.0,94.0,15354.0,1062.0,2226.0,2077.0,12.0,Kent,97608.9641092562,897.271050022107,236481.9327171968,0.2798618554245564,96.59402167440751,3.161843515541265,0.0357270453733476,6.183756103370251,6.627366916755985,43.115407253,-85.532578691
1093,2014,49341,34518.0,33291.0,250.0,16440.0,953.0,1976.0,1793.0,117.0,Kent,100231.32750405517,907.4028031224656,227816.0229115977,0.7242598064777797,96.44533286980706,2.760878382293296,0.3389535894316009,5.194391332058636,5.7245495104003705,43.115407253,-85.532578691
1094,2015,49341,34971.0,33507.0,267.0,16585.0,837.0,1977.0,1736.0,120.0,Kent,98063.2974006084,911.4692954513812,233716.66842462777,0.7634897486488805,95.81367418718366,2.393411683966715,0.3431414600669126,4.964113122301336,5.653255554602385,43.115407253,-85.532578691
1095,2016,49341,35546.0,33902.0,339.0,17060.0,816.0,2029.0,1781.0,116.0,Kent,104140.29739965918,909.0011208006432,244008.4014216252,0.9536938052101502,95.37500703314016,2.295616947054521,0.3263377032577505,5.010409047431497,5.708096550948067,43.115407253,-85.532578691
1096,2017,49341,36216.0,34450.0,261.0,17951.0,779.0,1788.0,1497.0,103.0,Kent,111243.82621573108,922.3600032637077,255824.3782637076,0.7206759443339961,95.12370223105808,2.1509829909432296,0.2844046830130329,4.133532140490391,4.937044400265076,43.115407253,-85.532578691
1097,2018,49341,36711.0,35010.0,343.0,18616.0,720.0,1914.0,1668.0,96.0,Kent,112484.20274225729,942.8389252390416,271688.07639771095,0.9343248617580562,95.36651139985293,1.9612650159352785,0.2615020021247037,4.543597286916728,5.213696167361281,43.115407253,-85.532578691
1098,2019,49341,37505.0,35702.0,256.0,19004.0,792.0,1635.0,1499.0,9.0,Kent,113099.56813230226,941.5528618422338,286875.6630954756,0.6825756565791228,95.1926409812025,2.1117184375416613,0.0239968004266097,3.996800426609785,4.359418744167445,43.115407253,-85.532578691
1099,2020,49341,38728.0,35837.0,455.0,19999.0,990.0,1221.0,1133.0,18.0,Kent,116617.73227567608,1069.0017657672977,298567.0129940382,1.1748605659987603,92.53511671142326,2.5562900227225778,0.0464780004131377,2.925531914893617,3.1527576946911795,43.115407253,-85.532578691
1100,2011,49343,5611.0,5395.0,25.0,2613.0,272.0,835.0,725.0,11.0,Kent,65630.29043429553,694.9089575395996,173117.67012390026,0.4455533772945999,96.15041882017464,4.847620744965247,0.1960434860096239,12.921047941543398,14.881482801639637,43.284616038,-85.506603076
1101,2012,49343,5277.0,5096.0,25.0,2477.0,267.0,553.0,483.0,8.0,Kent,69789.99483435978,680.8197339651733,159786.9317142434,0.4737540269092287,96.57002084517718,5.059693007390563,0.1516012886109531,9.152927799886298,10.47943907523214,43.284616038,-85.506603076
1102,2013,49343,5441.0,5274.0,31.0,2364.0,264.0,683.0,657.0,7.0,Kent,61248.55897869564,634.3680164150466,151594.33629382245,0.5697482080499908,96.93071126631136,4.852049255651535,0.1286528211725785,12.07498621576916,12.552839551553024,43.284616038,-85.506603076
1103,2014,49343,5651.0,5477.0,25.0,2506.0,150.0,930.0,899.0,7.0,Kent,66607.2270377129,622.9545485266289,147501.22161394975,0.4423995752964077,96.920898955937,2.654397451778446,0.1238718810829941,15.90868872765882,16.457264201026366,43.284616038,-85.506603076
1104,2015,49343,5692.0,5468.0,35.0,2444.0,179.0,1023.0,985.0,9.0,Kent,60009.132922954894,624.7871334123712,144498.09422952784,0.6148981026001406,96.0646521433591,3.14476458186929,0.1581166549543218,17.30498945888967,17.97259311314125,43.284616038,-85.506603076
1105,2016,49343,6079.0,5882.0,33.0,2570.0,171.0,1124.0,1104.0,0.0,Kent,67181.02277850229,594.1515705791913,152473.51202256602,0.5428524428359928,96.75933541700935,2.8129626583319625,0.0,18.16088172396776,18.48988320447442,43.284616038,-85.506603076
1106,2017,49343,5858.0,5671.0,38.0,2532.0,149.0,1077.0,1062.0,0.0,Kent,66038.24147356396,541.9797323759791,157124.3994778068,0.6486855582109935,96.80778422669852,2.543530215090475,0.0,18.129054284738817,18.38511437350632,43.284616038,-85.506603076
1107,2018,49343,6020.0,5879.0,28.0,2718.0,128.0,834.0,824.0,0.0,Kent,76047.17925824449,635.8398929539997,157382.5078552171,0.4651162790697674,97.6578073089701,2.12624584717608,0.0,13.687707641196011,13.853820598006644,43.284616038,-85.506603076
1108,2019,49343,5551.0,5440.0,35.0,2617.0,133.0,647.0,633.0,4.0,Kent,78166.76511888976,679.3482674051561,177941.57249752598,0.6305170239596469,98.00036029544226,2.3959646910466583,0.072059088452531,11.403350747613043,11.6555575571969,43.284616038,-85.506603076
1109,2020,49343,5637.0,5466.0,35.0,2759.0,100.0,547.0,531.0,5.0,Kent,76118.10590739961,578.0615275239461,194610.1232173285,0.6208976405889658,96.9664715274082,1.7739932588256166,0.0886996629412808,9.419904204364023,9.703743125776125,43.284616038,-85.506603076
1110,2011,49345,13445.0,12898.0,31.0,6153.0,800.0,1801.0,1573.0,23.0,Kent,73236.36021321337,736.9015066306866,183818.9971503385,0.2305689847526962,95.93157307549276,5.950167348456676,0.1710673112681294,11.699516548902938,13.395314243213091,43.158190279,-85.6851508
1111,2012,49345,13800.0,13199.0,98.0,6334.0,848.0,1676.0,1429.0,26.0,Kent,74876.8993963257,739.2136292760264,177835.95390123434,0.7101449275362319,95.64492753623188,6.144927536231884,0.1884057971014492,10.355072463768115,12.144927536231885,43.158190279,-85.6851508
1112,2013,49345,13572.0,12986.0,175.0,6281.0,889.0,1448.0,1280.0,63.0,Kent,73246.61632833528,753.3937679485914,165982.06450117403,1.2894193928676687,95.6822870615974,6.550250515767757,0.4641909814323607,9.431181844974947,10.66902446212791,43.158190279,-85.6851508
1113,2014,49345,13123.0,12398.0,233.0,6001.0,696.0,1663.0,1352.0,121.0,Kent,71085.03462929171,768.3964162611518,162431.53723979453,1.775508648936981,94.47534862455232,5.30366532042978,0.9220452640402346,10.30252228911072,12.672407223957938,43.158190279,-85.6851508
1114,2015,49345,13248.0,12496.0,237.0,6266.0,672.0,1871.0,1530.0,132.0,Kent,70861.9168329698,779.0555614154259,169823.82782669598,1.7889492753623188,94.32367149758454,5.072463768115942,0.9963768115942028,11.548913043478262,14.122886473429952,43.158190279,-85.6851508
1115,2016,49345,13505.0,12913.0,166.0,6486.0,559.0,1894.0,1652.0,62.0,Kent,70754.81908444337,790.9325394675988,174563.76272358722,1.229174379859311,95.61643835616438,4.139207700851536,0.4590892262125138,12.232506479081822,14.024435394298408,43.158190279,-85.6851508
1116,2017,49345,13999.0,13550.0,83.0,7008.0,418.0,1818.0,1672.0,57.0,Kent,71765.07777415143,766.9759056788512,186709.53165796344,0.5928994928209158,96.79262804486036,2.985927566254732,0.4071719408529181,11.943710265018929,12.986641902993073,43.158190279,-85.6851508
1117,2018,49345,14488.0,14081.0,99.0,7190.0,334.0,1746.0,1616.0,41.0,Kent,75202.62856073306,755.9699490655378,196455.1119642224,0.6833241303147432,97.19077857537272,2.3053561568194367,0.2829928216454997,11.154058531198231,12.051352843732746,43.158190279,-85.6851508
1118,2019,49345,15123.0,14811.0,83.0,7717.0,248.0,1485.0,1400.0,27.0,Kent,79446.80027536895,767.544358261264,199752.2273984284,0.548832903524433,97.9369172783178,1.6398862659525226,0.1785360047609601,9.257422469086825,9.819480261852808,43.158190279,-85.6851508
1119,2020,49345,14157.0,13646.0,69.0,6862.0,452.0,1044.0,966.0,18.0,Kent,86506.73099675054,741.7082736050633,206030.07600140644,0.4873913964823055,96.39047820866004,3.1927668291304654,0.1271455816910362,6.823479550752277,7.374443738080101,43.158190279,-85.6851508
1130,2011,49418,28000.0,25962.0,457.0,13919.0,1239.0,2181.0,1715.0,166.0,Kent,79750.62371576295,837.1417851061844,226895.22492764707,1.6321428571428571,92.72142857142858,4.425,0.5928571428571429,6.125,7.789285714285714,42.886887591,-85.754159687
1131,2012,49418,27476.0,25367.0,469.0,13612.0,1388.0,2365.0,1764.0,207.0,Kent,77503.29755132974,821.4959363049558,215659.2724548551,1.70694424224778,92.32421021982822,5.051681467462513,0.7533847721647984,6.420148493230456,8.607512010481875,42.886887591,-85.754159687
1132,2013,49418,27524.0,25149.0,539.0,13722.0,1308.0,2197.0,1600.0,140.0,Kent,76927.25879883413,814.8686066527299,208491.26147744004,1.958290946083418,91.37116698154338,4.752216247638424,0.508646998982706,5.813108559802354,7.982124691178607,42.886887591,-85.754159687
1133,2014,49418,27496.0,24978.0,678.0,13693.0,859.0,2079.0,1656.0,196.0,Kent,74566.62978169776,817.3060708975398,200787.00324412005,2.4658132091940645,90.84230433517602,3.1240907768402675,0.7128309572301426,6.022694210066919,7.5610997963340125,42.886887591,-85.754159687
1134,2015,49418,27968.0,25244.0,636.0,14173.0,621.0,2164.0,1789.0,113.0,Kent,76189.31988000861,821.4793791162659,205819.7943607421,2.274027459954233,90.26029748283752,2.2203947368421053,0.404033180778032,6.396596109839817,7.73741418764302,42.886887591,-85.754159687
1135,2016,49418,27986.0,25064.0,448.0,14460.0,551.0,2066.0,1663.0,97.0,Kent,78817.76059031612,854.4102713670851,208080.005166516,1.6008004002001,89.55906524690917,1.9688415636389625,0.3466018723647538,5.942256842707068,7.382262559851354,42.886887591,-85.754159687
1136,2017,49418,28514.0,25407.0,478.0,15029.0,423.0,1907.0,1573.0,65.0,Kent,79536.76879895561,881.3386015013054,213808.5182767624,1.676369502700428,89.10359823244723,1.483481798414814,0.2279581959739075,5.516588342568563,6.6879427649575645,42.886887591,-85.754159687
1137,2018,49418,28383.0,25254.0,416.0,14917.0,438.0,1965.0,1602.0,123.0,Kent,80676.43344072446,917.3567921244728,218903.6578032472,1.465666067716591,88.97579537046823,1.5431772539900646,0.4333579959835112,5.644223655004756,6.923158228517071,42.886887591,-85.754159687
1138,2019,49418,28521.0,25414.0,339.0,15572.0,395.0,1696.0,1384.0,113.0,Kent,84029.4214826897,929.6344711860032,228117.99716025768,1.188597875249816,89.10627257108797,1.3849444269135025,0.3961992917499386,4.852564776831106,5.946495564671645,42.886887591,-85.754159687
1139,2020,49418,28607.0,24775.0,586.0,16171.0,373.0,1804.0,1417.0,94.0,Kent,83625.84187689086,985.4124206467268,239230.35110563308,2.048449680148216,86.60467717691475,1.3038766735414409,0.3285909043241165,4.953333100290139,6.306148844688362,42.886887591,-85.754159687
1250,2011,49503,34908.0,23453.0,7502.0,16983.0,2461.0,10690.0,5694.0,3576.0,Kent,43347.14744886392,799.2130310884285,149954.0382059136,21.49077575340896,67.18517245330582,7.04995989458004,10.244070127191476,16.311447232726024,30.623352813108745,42.962986207,-85.657266273
1251,2012,49503,34625.0,24374.0,6756.0,16628.0,2627.0,10878.0,6457.0,3045.0,Kent,42396.62226364801,796.280390602542,140145.34874604738,19.51191335740072,70.39422382671479,7.587003610108304,8.794223826714802,18.648375451263536,31.416606498194945,42.962986207,-85.657266273
1252,2013,49503,35157.0,25010.0,6896.0,16783.0,2612.0,11662.0,6971.0,3325.0,Kent,41999.08661255082,791.3250514043364,129227.95880784868,19.61487043831954,71.13803794407941,7.429530392240522,9.4575760161561,19.828199220638847,33.17120345877066,42.962986207,-85.657266273
1253,2014,49503,35128.0,24641.0,6565.0,17329.0,2231.0,11340.0,6618.0,3044.0,Kent,44608.179220735336,816.0189747228981,124719.61932278996,18.68879526303803,70.14632202231837,6.351058984286039,8.665452061033934,18.839672056479163,32.281940332498294,42.962986207,-85.657266273
1254,2015,49503,34985.0,24983.0,5903.0,17765.0,2046.0,11457.0,6617.0,2857.0,Kent,46043.98347797838,833.049511216495,130613.93570925292,16.872945548092037,71.41060454480491,5.8482206659997145,8.166357010147205,18.91382020866085,32.748320708875234,42.962986207,-85.657266273
1255,2016,49503,35484.0,25877.0,4937.0,18843.0,1634.0,11177.0,6480.0,2396.0,Kent,48297.66709304312,842.9842796251776,139777.96564266874,13.913313042498029,72.92582572427008,4.604892345846015,6.752339082403338,18.26175177544809,31.498703641077668,42.962986207,-85.657266273
1256,2017,49503,36467.0,26096.0,5447.0,19801.0,1505.0,10324.0,5943.0,2108.0,Kent,51346.36427872063,886.3108926240209,146309.66628590078,14.936792168261718,71.56058902569447,4.127018948638495,5.780568733375381,16.29692598787945,28.31052732607563,42.962986207,-85.657266273
1257,2018,49503,37255.0,26169.0,5550.0,20475.0,1595.0,9722.0,5515.0,1827.0,Kent,55405.43800053364,910.0761826631676,162114.9040050656,14.897329217554692,70.24292041336734,4.281304522882834,4.904039726211247,14.803382096362904,26.095826063615625,42.962986207,-85.657266273
1258,2019,49503,37250.0,26395.0,5178.0,20791.0,1663.0,8915.0,5142.0,1754.0,Kent,57022.34825567068,921.2915977266416,178895.04375002446,13.900671140939597,70.85906040268456,4.464429530201342,4.708724832214766,13.804026845637583,23.93288590604027,42.962986207,-85.657266273
1259,2020,49503,37036.0,25153.0,5137.0,20490.0,1415.0,8716.0,5126.0,1412.0,Kent,58532.55593463957,930.0786288063492,194963.3176333309,13.870288368074307,67.91500162004536,3.820606976995356,3.8125067501890055,13.840587536451022,23.533858948050547,42.962986207,-85.657266273
1260,2011,49504,40692.0,32521.0,2840.0,18841.0,2400.0,9286.0,6032.0,1976.0,Kent,55828.41671742117,770.7664655751115,160790.82506812958,6.979258822372948,79.91988597267277,5.897965202005309,4.855991349651037,14.823552541040009,22.82021036075887,42.982725567,-85.697466615
1261,2012,49504,39832.0,33020.0,2762.0,17965.0,2561.0,10132.0,6749.0,2042.0,Kent,53932.07085551017,767.0834429471154,152753.1215972543,6.934123317935328,82.8981723237598,6.429503916449086,5.126531432014461,16.943663386222134,25.436834705764213,42.982725567,-85.697466615
1262,2013,49504,39533.0,33140.0,2474.0,18207.0,2612.0,9163.0,6103.0,1709.0,Kent,53375.85569869118,766.4735208643656,141784.52160699185,6.258062884172716,83.82870007335643,6.607138340120912,4.322970682720765,15.437735562694458,23.178104368502265,42.982725567,-85.697466615
1263,2014,49504,39168.0,32527.0,2848.0,18279.0,2285.0,8917.0,5953.0,1838.0,Kent,52473.62394397135,760.673839213301,138620.25800892132,7.27124183006536,83.04483251633987,5.833843954248366,4.692606209150327,15.198631535947712,22.766033496732028,42.982725567,-85.697466615
1264,2015,49504,38825.0,32654.0,2213.0,18871.0,1826.0,8637.0,6273.0,1181.0,Kent,52840.793301746286,755.9152972149677,137813.12901606213,5.699935608499678,84.105602060528,4.703155183515776,3.041854475209272,16.157115260785577,22.24597553122988,42.982725567,-85.697466615
1265,2016,49504,38877.0,32556.0,2219.0,19709.0,1397.0,8697.0,6415.0,1055.0,Kent,53940.837458907445,783.3152116396604,142063.16399105024,5.707744939167117,83.74102940041669,3.593384263189032,2.7136867556653037,16.500758803405613,22.37055328343236,42.982725567,-85.697466615
1266,2017,49504,38531.0,31619.0,2668.0,20027.0,1165.0,7464.0,5161.0,1255.0,Kent,57410.07330287206,789.3512157310704,147304.12451044386,6.924294723728945,82.06119747735589,3.0235394876852406,3.257117645532169,13.394409696088864,19.371415224105267,42.982725567,-85.697466615
1267,2018,49504,39401.0,32250.0,2591.0,20617.0,1073.0,7427.0,5059.0,1075.0,Kent,58977.79037621412,825.1357389479384,153378.17265149916,6.575975229055101,81.85071444887186,2.723281134996573,2.7283571482957285,12.839775640212178,18.849775386411512,42.982725567,-85.697466615
1268,2019,49504,39633.0,32216.0,2706.0,21378.0,991.0,7289.0,4825.0,985.0,Kent,60841.00062192704,873.6180351017182,167810.9404397298,6.827643630308076,81.28579718921101,2.500441551232558,2.485302651830545,12.174198269119168,18.391239623546035,42.982725567,-85.697466615
1269,2020,49504,40498.0,33066.0,2816.0,21166.0,1133.0,7614.0,5084.0,1058.0,Kent,61761.93021162161,918.3054816062688,185309.336929265,6.95342979900242,81.64847646797372,2.79766902069238,2.612474690108153,12.553706355869426,18.800928440910663,42.982725567,-85.697466615
1270,2011,49505,30855.0,24516.0,4181.0,14343.0,1445.0,5585.0,2758.0,2105.0,Kent,59382.882808228016,853.3969653995084,163364.5619479059,13.550478042456652,79.45551774428779,4.683195592286501,6.822233025441582,8.938583697941986,18.100794036622915,42.996099925,-85.643942899
1271,2012,49505,31093.0,24662.0,4137.0,14633.0,1525.0,5565.0,2976.0,1837.0,Kent,59309.617760046,842.7300800543568,154611.10917532688,13.305245553661596,79.31688804554081,4.904640915961792,5.90808220499791,9.571286141575277,17.89791914578844,42.996099925,-85.643942899
1272,2013,49505,31380.0,24459.0,4595.0,14556.0,1786.0,5616.0,3084.0,1964.0,Kent,58479.575286426254,842.3360877758556,148193.6005357212,14.64308476736775,77.94455066921606,5.691523263224984,6.2587635436583815,9.82791586998088,17.89674952198853,42.996099925,-85.643942899
1273,2014,49505,31388.0,24503.0,4612.0,14495.0,1664.0,5774.0,3240.0,2112.0,Kent,56517.68012469586,839.1867058664504,142610.25615031092,14.69351344462852,78.0648655537148,5.301389065885052,6.7286861220848735,10.322416210016566,18.395565184146808,42.996099925,-85.643942899
1274,2015,49505,31617.0,24668.0,4673.0,15405.0,1216.0,5877.0,3286.0,1986.0,Kent,55319.37271166204,840.7629326166478,142055.51078614616,14.780023405130152,78.02131764557042,3.846032197868236,6.281430875794667,10.393142929436696,18.58810133788785,42.996099925,-85.643942899
1275,2016,49505,31720.0,24831.0,4433.0,15975.0,937.0,5423.0,3118.0,1799.0,Kent,57307.6963588562,870.9144816609514,145364.00604982354,13.975409836065577,78.28184110970996,2.9539722572509457,5.671500630517024,9.829760403530894,17.096469104665825,42.996099925,-85.643942899
1276,2017,49505,31866.0,24916.0,4555.0,16150.0,833.0,5109.0,2911.0,1648.0,Kent,57996.80365535248,903.7139115535248,153768.10296997387,14.294232096905793,78.18992029121948,2.6140714240883702,5.171656310801481,9.13512834996548,16.032762191677648,42.996099925,-85.643942899
1277,2018,49505,32068.0,25081.0,4593.0,16455.0,948.0,4941.0,2731.0,1639.0,Kent,59849.03664175033,922.210531765343,162236.2474960873,14.322689285268805,78.2119246600973,2.956218036672072,5.111014095048023,8.516277909442435,15.407883248097791,42.996099925,-85.643942899
1278,2019,49505,32372.0,24736.0,4782.0,16946.0,869.0,4573.0,2317.0,1611.0,Kent,63039.94369800162,949.8957353015954,171505.64154316133,14.772025206968989,76.41171382676387,2.6844186333868776,4.976522921042877,7.157419992586185,14.12640553564809,42.996099925,-85.643942899
1279,2020,49505,33239.0,24519.0,4865.0,16644.0,1041.0,4835.0,2367.0,1849.0,Kent,65270.32807724556,996.0082531267992,182483.7816012457,14.63642107163272,73.76575709257199,3.1318631727789645,5.5627425614489,7.1211528626011615,14.546165648786063,42.996099925,-85.643942899
1280,2011,49506,32036.0,25184.0,5065.0,15408.0,1640.0,4271.0,2067.0,1677.0,Kent,84016.25394440272,992.920596250539,233803.67655230977,15.8103383693345,78.61156199275815,5.119240854039206,5.234735922087651,6.45211636908478,13.33187663878137,42.949023614,-85.624608194
1281,2012,49506,33171.0,26546.0,5052.0,16219.0,1628.0,5056.0,2932.0,1650.0,Kent,85257.74142181416,1024.5474359086038,230390.45968100213,15.230170932440986,80.02773506978987,4.907901480208616,4.9742244731844085,8.839046154773749,15.242229658436589,42.949023614,-85.624608194
1282,2013,49506,33159.0,27264.0,4316.0,15868.0,1773.0,5123.0,3222.0,1360.0,Kent,85358.46752834214,1022.8366780135392,222748.19215563388,13.016074067372358,82.22202117072288,5.346964624988691,4.10145058656775,9.716818963177415,15.449802466901897,42.949023614,-85.624608194
1283,2014,49506,33230.0,26922.0,4630.0,15922.0,1675.0,5304.0,3141.0,1659.0,Kent,84124.60597458773,988.4898621248988,225885.37864963504,13.933192897983748,81.01715317484201,5.040625940415287,4.992476677700872,9.452302136623532,15.961480589828469,42.949023614,-85.624608194
1284,2015,49506,33281.0,28032.0,3651.0,16485.0,1410.0,4896.0,3308.0,1248.0,Kent,87702.88688996993,968.034385719168,233845.22544796363,10.97022325050329,84.22823833418467,4.236651542922388,3.7498873230972634,9.939605180132808,14.71109642138157,42.949023614,-85.624608194
1285,2016,49506,33741.0,27428.0,4784.0,16991.0,1186.0,4423.0,2950.0,1183.0,Kent,89993.65006853966,983.9048444420372,242104.0694646406,14.1785957736878,81.28982543493079,3.5150114104501937,3.506120150558668,8.743072226667852,13.108680833407426,42.949023614,-85.624608194
1286,2017,49506,33989.0,27749.0,4532.0,17365.0,1188.0,3751.0,2523.0,914.0,Kent,90847.48803035248,963.3814050261096,258310.5238250653,13.33372561711142,81.64111918561888,3.4952484627379445,2.6891052987731325,7.422989790814675,11.03592338697814,42.949023614,-85.624608194
1287,2018,49506,33661.0,27160.0,4624.0,17895.0,902.0,3308.0,2176.0,935.0,Kent,93439.34182639272,944.052360149259,271445.38941566745,13.73696562787796,80.68684828139389,2.679658952496955,2.7776952556370875,6.46445441311904,9.827396690532067,42.949023614,-85.624608194
1288,2019,49506,34528.0,27621.0,4837.0,18433.0,833.0,2868.0,1850.0,840.0,Kent,98901.1893435345,980.8835510077956,283419.3298051686,14.008920296570896,79.9959453197405,2.412534754402224,2.432808155699722,5.357970342910102,8.306302131603337,42.949023614,-85.624608194
1289,2020,49506,34058.0,26946.0,4420.0,18684.0,635.0,2559.0,1473.0,841.0,Kent,101253.7751795712,1005.4267708868634,295505.99472201726,12.977861295437195,79.11797521874449,1.8644664983263843,2.469317047389747,4.324975042574432,7.5136531798696335,42.949023614,-85.624608194
1290,2011,49507,37703.0,15896.0,15587.0,14560.0,3139.0,12527.0,4554.0,6384.0,Kent,45893.79236148467,830.3687933172994,130176.90218236943,41.34153780866245,42.16110123862823,8.325597432565047,16.932339601623212,12.07861443386468,33.225472774049805,42.93133577,-85.654882138
1291,2012,49507,37871.0,16786.0,15273.0,14584.0,3098.0,12620.0,4777.0,6373.0,Kent,46415.18396822217,825.4773382579684,120371.05237941758,40.32901164479417,44.32415304586623,8.180401890628714,16.82817987378205,12.613873412373582,33.32365134271606,42.93133577,-85.654882138
1292,2013,49507,37418.0,17293.0,15177.0,14263.0,2810.0,12969.0,5036.0,6551.0,Kent,45483.532789313045,820.1005078190396,110785.5071966071,40.56069271473623,46.21572505211395,7.509754663530921,17.507616655085787,13.45876316211449,34.65978940616816,42.93133577,-85.654882138
1293,2014,49507,37912.0,16772.0,15849.0,14612.0,2781.0,12886.0,4360.0,6695.0,Kent,45773.00125878616,809.5834938496891,109274.4652270884,41.80470563410002,44.23929098966027,7.335408313990293,17.659316311458113,11.500316522473096,33.98923823591475,42.93133577,-85.654882138
1294,2015,49507,38512.0,16183.0,15644.0,15373.0,2386.0,12983.0,4114.0,6324.0,Kent,44987.244746157456,798.3391149158077,108245.01364881,40.62110511009556,42.02066888242626,6.195471541337764,16.42085583714167,10.682384711258829,33.71157041960947,42.93133577,-85.654882138
1295,2016,49507,38390.0,15732.0,14904.0,15480.0,2206.0,12436.0,3797.0,5606.0,Kent,46431.42177519822,804.8976404854858,107150.41144633282,38.82261005470175,40.9794217244074,5.746288095858296,14.602761135712424,9.890596509507684,32.393852565772335,42.93133577,-85.654882138
1296,2017,49507,38429.0,15110.0,14386.0,16052.0,1875.0,11534.0,3214.0,4889.0,Kent,45916.62237271541,804.2680890992167,108023.02464099215,37.43527023862188,39.31926409742642,4.879127742069791,12.722162949855578,8.36347550027323,30.013791667750915,42.93133577,-85.654882138
1297,2018,49507,38374.0,15680.0,13662.0,16296.0,1806.0,10973.0,3562.0,4306.0,Kent,48280.14820773614,821.4954342172858,115397.65996168964,35.6022306770209,40.86099963516965,4.706311565122219,11.221139313076565,9.28232657528535,28.59488195132121,42.93133577,-85.654882138
1298,2019,49507,39323.0,16801.0,12701.0,17427.0,1500.0,11559.0,4147.0,4087.0,Kent,48971.47536738677,837.8628631330258,125023.9179838612,32.2991633395214,42.7256313099204,3.814561452585001,10.393408437809931,10.545990895913333,29.395010553620025,42.93133577,-85.654882138
1299,2020,49507,39731.0,16684.0,12117.0,18263.0,1327.0,10863.0,3897.0,3723.0,Kent,49948.75431106097,848.8439131257945,143043.7384809765,30.497596335355265,41.99239888248471,3.339961239334525,9.37051672497546,9.808461906320003,27.341370718079084,42.93133577,-85.654882138
1300,2011,49508,39589.0,25728.0,8448.0,19385.0,2271.0,5532.0,1949.0,2646.0,Kent,65895.79171241981,868.2975473350552,189237.39058144653,21.33926090580717,64.98774912223092,5.736441940943191,6.683674758139888,4.923084695243628,13.97357851928566,42.876191311,-85.625943948
1301,2012,49508,40101.0,25777.0,8779.0,19624.0,2494.0,5773.0,1895.0,2926.0,Kent,65154.315827068654,870.5998937254458,179295.8012840057,21.892222139098774,64.2801925139024,6.219296276900826,7.296576145233286,4.725567940949103,14.39614972195207,42.876191311,-85.625943948
1302,2013,49508,40609.0,26275.0,9413.0,19721.0,2449.0,5598.0,1895.0,2941.0,Kent,63588.52677532764,859.3397665663621,170952.37060916825,23.17959073111872,64.70240587061981,6.030682853554631,7.24223694254968,4.666453249279717,13.785121524785144,42.876191311,-85.625943948
1303,2014,49508,41389.0,26289.0,9083.0,20567.0,1987.0,5305.0,1821.0,2496.0,Kent,65645.76619525548,861.0673408353609,166035.40652879156,21.94544444175989,63.516876464761175,4.80079248109401,6.030587837348088,4.399719732296021,12.81741525526106,42.876191311,-85.625943948
1304,2015,49508,41613.0,25040.0,10321.0,20446.0,2220.0,5623.0,1466.0,2899.0,Kent,67811.25866920939,872.9021884506175,168281.1435466654,24.80234542090212,60.17350347247255,5.334871314252757,6.96657294595439,3.5229375435561003,13.51260423425372,42.876191311,-85.625943948
1305,2016,49508,41139.0,25224.0,9724.0,20380.0,1760.0,5453.0,1651.0,2431.0,Kent,67587.280262659,905.1924568866742,171009.009737216,23.636938185177083,61.31408152847663,4.278178857045626,5.909234546294271,4.013223461921777,13.25506210651693,42.876191311,-85.625943948
1306,2017,49508,41215.0,25364.0,9626.0,20184.0,1396.0,4418.0,1861.0,1721.0,Kent,68361.54450065274,939.7630221932114,175894.79846605743,23.35557442678636,61.54070120101905,3.387116341137935,4.175664199927211,4.515346354482591,10.719398277326215,42.876191311,-85.625943948
1307,2018,49508,40830.0,24270.0,9906.0,20378.0,1126.0,4114.0,1666.0,1712.0,Kent,67442.7123098918,930.704576136866,180437.77114935068,24.26157237325496,59.44158706833211,2.757776144991428,4.192995346558902,4.080333088415381,10.075924565270634,42.876191311,-85.625943948
1308,2019,49508,39571.0,23500.0,9847.0,19631.0,985.0,4070.0,1555.0,1822.0,Kent,68416.32972302733,970.1569994171878,188072.20455532213,24.884385029440757,59.386924768138286,2.4891966338985623,4.604381996916934,3.929645447423618,10.285309949205226,42.876191311,-85.625943948
1309,2020,49508,40409.0,22860.0,10326.0,19835.0,824.0,4614.0,1620.0,2574.0,Kent,67713.25612126224,1010.1360297668956,197906.604433351,25.553713281694677,56.57155584152045,2.039149694375016,6.369868098690885,4.009007894280977,11.41824841000767,42.876191311,-85.625943948
1310,2011,49509,26232.0,19523.0,1893.0,12423.0,1873.0,4795.0,2910.0,1064.0,Kent,56416.31240469639,763.9934737862264,141284.60871614082,7.216376944190301,74.42436718511742,7.140134187252212,4.056114669106435,11.093321134492223,18.27920097590729,42.895731269,-85.694568953
1311,2012,49509,26074.0,19900.0,1966.0,12470.0,1868.0,5711.0,3669.0,1145.0,Kent,53025.6383442076,761.7749070097651,129926.4170666481,7.540078238858633,76.321239548976,7.164224898366188,4.391347702692337,14.071488839456933,21.903045179105625,42.895731269,-85.694568953
1312,2013,49509,26466.0,20814.0,1883.0,12906.0,1922.0,5601.0,4124.0,945.0,Kent,55171.705774026974,767.7814961559429,119156.54906270256,7.114788785611728,78.64429834504647,7.262147661150155,3.5706189072772614,15.582256480012092,21.16300158694174,42.895731269,-85.694568953
1313,2014,49509,26186.0,21091.0,1478.0,12851.0,1707.0,5706.0,4372.0,497.0,Kent,54329.61662780481,778.693185658286,113650.59222087052,5.644237378752004,80.54303826472162,6.518750477354312,1.897960742381425,16.6959443977698,21.790269609715114,42.895731269,-85.694568953
1314,2015,49509,26150.0,20361.0,1588.0,12906.0,1286.0,4766.0,3675.0,397.0,Kent,52956.49462274858,786.7689828155787,111844.6103022146,6.072657743785851,77.8623326959847,4.917782026768642,1.5181644359464628,14.053537284894835,18.22562141491396,42.895731269,-85.694568953
1315,2016,49509,26495.0,19886.0,2007.0,13241.0,967.0,5578.0,3972.0,504.0,Kent,51797.82922998079,789.6629848296092,114767.73927427117,7.575014153613889,75.05567088129835,3.649745234949991,1.90224570673712,14.99150783166635,21.05302887337233,42.895731269,-85.694568953
1316,2017,49509,27390.0,19563.0,2216.0,13586.0,937.0,5310.0,3491.0,396.0,Kent,54234.0223482376,803.0250163185378,117594.68505221933,8.090543994158452,71.42387732749178,3.4209565534866737,1.4457831325301205,12.745527564804672,19.38663745892661,42.895731269,-85.694568953
1317,2018,49509,27786.0,19458.0,2167.0,13693.0,774.0,4598.0,2669.0,441.0,Kent,55387.23647688037,814.2148247559804,120858.11705766864,7.79889152810768,70.02807169077953,2.7855754696609805,1.5871302094580004,9.60555675520046,16.547901821060965,42.895731269,-85.694568953
1318,2019,49509,28323.0,19158.0,2601.0,13973.0,773.0,4406.0,2571.0,557.0,Kent,59347.62627270131,825.9444724767951,132532.50409728658,9.183349221480777,67.64113970977651,2.7292306605938634,1.966599583377467,9.077428238534054,15.556261695441869,42.895731269,-85.694568953
1319,2020,49509,28946.0,19321.0,2896.0,14452.0,751.0,4483.0,2091.0,815.0,Kent,60588.1474357736,852.3758572858186,148694.84913701506,10.004836592275272,66.74842810751053,2.594486284806191,2.815587645961445,7.223796033994335,15.487459407171974,42.895731269,-85.694568953
1320,2011,49512,14981.0,10466.0,1970.0,8427.0,625.0,2086.0,1078.0,286.0,Kent,64572.34911687169,888.6165227017102,224321.4880478708,13.149989987317268,69.86182497830585,4.171951138108271,1.9090848407983447,7.195781323009146,13.924304118550165,42.8904136,-85.566778842
1321,2012,49512,15377.0,10799.0,2238.0,8428.0,721.0,1708.0,777.0,426.0,Kent,58684.537653423,886.5255015374966,209421.74272846853,14.554204331143916,70.22826299018014,4.688820966378357,2.770371333810236,5.053001235611627,11.10749821161475,42.8904136,-85.566778842
1322,2013,49512,16269.0,11455.0,2481.0,8733.0,793.0,1877.0,1057.0,371.0,Kent,60416.686693252406,899.887000605262,202605.37266534165,15.24986170016596,70.40998217468805,4.874300817505685,2.280410596840617,6.497018870244023,11.537279488597948,42.8904136,-85.566778842
1323,2014,49512,16331.0,10769.0,3232.0,8812.0,693.0,2070.0,1060.0,544.0,Kent,58530.69854183563,913.8382839956746,191777.33002162748,19.790582328087687,65.94207335741841,4.243463351907415,3.3310881146286206,6.4907231645337085,12.67528014206111,42.8904136,-85.566778842
1324,2015,49512,16853.0,11013.0,3623.0,9197.0,589.0,1966.0,1028.0,695.0,Kent,59716.02290974909,915.3260061514576,196563.6886805588,21.497656203643267,65.34741589034593,3.494926719278467,4.1238948555153385,6.099804189165134,11.665578828695187,42.8904136,-85.566778842
1325,2016,49512,17117.0,11110.0,4017.0,9074.0,416.0,1887.0,1035.0,633.0,Kent,57824.405096518014,940.7399867503864,204398.29671634577,23.467897411929663,64.90623356896651,2.430332418063913,3.698077934217445,6.04662031898113,11.024128059823566,42.8904136,-85.566778842
1326,2017,49512,16976.0,11219.0,3714.0,9449.0,320.0,1884.0,1038.0,618.0,Kent,59560.58921344648,960.895259464752,212068.216383812,21.87794533459001,66.08741753063147,1.885014137606032,3.640433553251649,6.114514608859566,11.098020735155515,42.8904136,-85.566778842
1327,2018,49512,16926.0,10823.0,4574.0,9583.0,282.0,1577.0,759.0,714.0,Kent,60933.84745148482,956.1867092514346,222058.58856981283,27.02351412028831,63.94304620111072,1.6660758596242466,4.218362282878412,4.484225451967387,9.317027058962545,42.8904136,-85.566778842
1328,2019,49512,18170.0,11375.0,5162.0,10109.0,147.0,1517.0,496.0,990.0,Kent,63187.73174213888,954.6630915640876,238844.5487508654,28.409466152999453,62.60319207484866,0.8090258668134287,5.448541552008805,2.729774353329664,8.348926802421575,42.8904136,-85.566778842
1329,2020,49512,18464.0,12041.0,4902.0,10288.0,371.0,1220.0,490.0,700.0,Kent,62756.7611500284,1003.0721414468474,248766.60033769812,26.54896013864818,65.21338821490468,2.009315424610052,3.791161178509532,2.6538128249566726,6.607452339688042,42.8904136,-85.566778842
1330,2011,49519,26964.0,22043.0,1654.0,14012.0,1314.0,3791.0,2363.0,518.0,Kent,60534.29141233845,864.2337522617242,164448.24063412746,6.134104732235573,81.74974039460021,4.873164218958611,1.921079958463136,8.763536567274885,14.059486723038123,42.892198096,-85.715764379
1331,2012,49519,27888.0,23209.0,1678.0,14539.0,1349.0,4105.0,2420.0,572.0,Kent,58152.35692570364,859.9828218507453,155805.5297612307,6.016924842226048,83.22217441193345,4.837205966724039,2.051061388410786,8.677567412507171,14.719592656339644,42.892198096,-85.715764379
1332,2013,49519,28019.0,24181.0,1255.0,14754.0,1499.0,4131.0,2610.0,591.0,Kent,57931.533639255314,839.7201371927008,148585.99312319444,4.47910346550555,86.30215211106749,5.3499411113887,2.109282986544845,9.315107605553374,14.743566865341377,42.892198096,-85.715764379
1333,2014,49519,28416.0,24245.0,1437.0,15217.0,1227.0,4088.0,2541.0,633.0,Kent,60747.0781545688,830.1770326439579,143639.93309002434,5.057010135135135,85.32164977477478,4.317989864864865,2.2276182432432434,8.94214527027027,14.38626126126126,42.892198096,-85.715764379
1334,2015,49519,29141.0,24185.0,1718.0,16018.0,1086.0,3806.0,2028.0,817.0,Kent,61560.81619461895,845.9052135500829,146940.67767290954,5.895473731169143,82.99303386980543,3.7267080745341614,2.803610033972753,6.959267012113517,13.06063621701383,42.892198096,-85.715764379
1335,2016,49519,29051.0,23080.0,2245.0,16034.0,1022.0,3803.0,1905.0,923.0,Kent,63713.86906215236,864.5667084710029,148664.84810859684,7.727789060617535,79.44649065436647,3.517951189287804,3.177171181714914,6.557433479054077,13.090771402017143,42.892198096,-85.715764379
1336,2017,49519,28473.0,22098.0,2381.0,15897.0,889.0,3370.0,1769.0,821.0,Kent,64029.43585998695,892.5262565274151,152525.03018929504,8.362308151582202,77.61036771678432,3.122256172514312,2.883433428160011,6.212903452393496,11.835774242264602,42.892198096,-85.715764379
1337,2018,49519,28924.0,21595.0,2273.0,16110.0,870.0,2742.0,1730.0,575.0,Kent,63545.159378273005,923.4239666755608,158717.28625645643,7.858525791730051,74.66118102613747,3.007882727147006,1.987968469091412,5.981192089614161,9.480016595215046,42.892198096,-85.715764379
1338,2019,49519,28836.0,21472.0,2335.0,16050.0,851.0,2679.0,1652.0,583.0,Kent,64828.89413550186,971.348838482811,168406.85997254134,8.09751699264808,74.46247745873215,2.9511721459287004,2.021778332639756,5.728949923706478,9.290470245526423,42.892198096,-85.715764379
1339,2020,49519,28262.0,20909.0,2602.0,15809.0,891.0,3143.0,1835.0,853.0,Kent,68505.58892782764,1007.7814003268796,171417.02323317018,9.206708654730734,73.98273299837237,3.152643125044229,3.018186964829099,6.492817210388507,11.120939777793504,42.892198096,-85.715764379
1340,2011,49525,26553.0,24617.0,493.0,13637.0,843.0,1844.0,1693.0,58.0,Kent,77852.83141651737,847.9785719684003,218496.71510942967,1.8566640304297064,92.70892177908334,3.1747825104507967,0.2184310624034948,6.375927390502015,6.944601363311113,43.022759354,-85.60634469
1341,2012,49525,27113.0,24759.0,704.0,13631.0,1031.0,2074.0,1744.0,143.0,Kent,73857.66049635444,828.1316062266436,208758.1757362997,2.596540404971785,91.3178180208756,3.802603916940213,0.5274222697598938,6.4323387304982855,7.649467045328809,43.022759354,-85.60634469
1342,2013,49525,27483.0,25116.0,835.0,13515.0,1132.0,2215.0,1817.0,225.0,Kent,74410.71433783918,839.7201371927008,204828.9306610233,3.038241822217371,91.38740312192992,4.118909871556962,0.8186879161663574,6.611359749663428,8.059527708037697,43.022759354,-85.60634469
1343,2014,49525,28007.0,25713.0,912.0,13686.0,1146.0,2435.0,2002.0,324.0,Kent,75080.18115537983,848.196379088943,202846.3571235469,3.2563287749491203,91.80919055950298,4.091834184311065,1.1568536437319243,7.148212946763309,8.694255007676652,43.022759354,-85.60634469
1344,2015,49525,28975.0,26056.0,959.0,14277.0,984.0,2662.0,2063.0,279.0,Kent,75743.22700903311,875.473328917335,205177.00924406268,3.309749784296808,89.9257981018119,3.3960310612597064,0.9628990509059534,7.11993097497843,9.187230371009491,43.022759354,-85.60634469
1345,2016,49525,29326.0,26466.0,1114.0,14421.0,888.0,2784.0,1976.0,492.0,Kent,76607.465965576,921.6966671805404,206048.71774573243,3.7986769419627633,90.2475618904726,3.028029734706404,1.6776921503103048,6.738048148400737,9.493282411511968,43.022759354,-85.60634469
1346,2017,49525,29448.0,26267.0,1172.0,14911.0,761.0,2511.0,1725.0,366.0,Kent,80260.2371573107,944.7353133159268,213062.67460835507,3.979896767182831,89.19790817712578,2.5842162455854387,1.2428687856560716,5.8577832110839445,8.526894865525673,43.022759354,-85.60634469
1347,2018,49525,29439.0,26386.0,1014.0,15497.0,598.0,2640.0,1753.0,415.0,Kent,83356.91115739505,981.6688423660032,218782.31431222547,3.444410475899317,89.62940317266211,2.031318998607289,1.4096946227793063,5.954685960800299,8.967695913584022,43.022759354,-85.60634469
1348,2019,49525,30019.0,26886.0,1080.0,16071.0,557.0,2363.0,1478.0,474.0,Kent,84222.49941132063,1050.0102168139342,233004.5373293123,3.597721443086045,89.56327659149206,1.855491522036044,1.5789999666877643,4.923548419334422,7.871681268529931,43.022759354,-85.60634469
1349,2020,49525,30205.0,26961.0,826.0,16116.0,935.0,1814.0,1257.0,84.0,Kent,85510.72274362373,1174.9600905680209,255712.7571857456,2.7346465816917727,89.26005628207251,3.095513987750373,0.2780996523754345,4.161562655189538,6.005628207250456,43.022759354,-85.60634469
1350,2011,49534,21856.0,20680.0,207.0,11365.0,996.0,1912.0,1659.0,39.0,Kent,81191.91636843767,918.4176865728042,218767.63478098507,0.9471083455344068,94.61932650073206,4.55710102489019,0.1784407027818448,7.590592972181552,8.748169838945827,42.980863676,-85.764761069
1351,2012,49534,21777.0,20649.0,180.0,11279.0,972.0,1999.0,1753.0,41.0,Kent,78607.4730262986,909.0867792712352,210085.3097206373,0.8265601322496211,94.82022317123572,4.463424714147955,0.1882720301235248,8.049777287964366,9.179409468705517,42.980863676,-85.764761069
1352,2013,49534,21528.0,20324.0,215.0,11218.0,987.0,2164.0,1845.0,58.0,Kent,76026.06382293729,894.6550994389523,203390.15784028813,0.9986993682645856,94.40728353771831,4.584726867335563,0.2694165737643998,8.570234113712374,10.052025269416577,42.980863676,-85.764761069
1353,2014,49534,21697.0,20244.0,235.0,11344.0,794.0,2462.0,1985.0,71.0,Kent,75551.25835529873,900.9673222492564,195896.0377804812,1.083099045951053,93.3032216435452,3.6594920956814314,0.3272341798405309,9.148730239203577,11.347190855878694,42.980863676,-85.764761069
1354,2015,49534,21172.0,19521.0,237.0,11353.0,712.0,2463.0,2036.0,85.0,Kent,73604.03814072408,884.4723205508466,195663.7895172076,1.1194029850746268,92.20196485924806,3.362932174570187,0.4014736444360476,9.616474589079916,11.633289249952767,42.980863676,-85.764761069
1355,2016,49534,21349.0,19773.0,259.0,11330.0,514.0,2151.0,1778.0,44.0,Kent,75246.50339365102,867.1058177469823,198812.256309191,1.2131715771230502,92.6179212141084,2.407606913672772,0.2060986463066186,8.328258934844722,10.075413368307649,42.980863676,-85.764761069
1356,2017,49534,21677.0,19857.0,354.0,11644.0,533.0,2170.0,1774.0,48.0,Kent,75662.11094157964,898.7416204308093,205107.00881201043,1.6330673063615817,91.60400424412973,2.4588273285048667,0.2214328550998754,8.183789269732896,10.01061032430687,42.980863676,-85.764761069
1357,2018,49534,21804.0,19989.0,445.0,11853.0,452.0,1755.0,1416.0,80.0,Kent,78637.86279155898,947.6926648799116,210894.98739581136,2.0409099247844438,91.6758392955421,2.073014125848468,0.366905155017428,6.494221243808475,8.048981838194827,42.980863676,-85.764761069
1358,2019,49534,21952.0,20352.0,366.0,11913.0,384.0,1361.0,1182.0,43.0,Kent,78569.60672307035,998.7611369921418,224304.11215026383,1.6672740524781342,92.71137026239067,1.749271137026239,0.1958819241982507,5.384475218658892,6.199890670553936,42.980863676,-85.764761069
1359,2020,49534,22206.0,20323.0,371.0,11968.0,430.0,1134.0,911.0,51.0,Kent,78967.20752981906,987.767050086743,244057.34145766604,1.6707196253264882,91.5203098261731,1.936413581914798,0.2296676573898946,4.10249482121949,5.106727911375304,42.980863676,-85.764761069
1360,2011,49544,8510.0,7421.0,403.0,4122.0,518.0,1326.0,935.0,251.0,Kent,60918.99734594713,847.9785719684003,190591.98893922352,4.735605170387779,87.2032902467685,6.086956521739131,2.9494712103407754,10.987074030552291,15.581668625146886,43.008363349,-85.739336578
1361,2012,49544,8781.0,7824.0,381.0,4392.0,499.0,1314.0,891.0,279.0,Kent,58802.65257802905,826.804472242306,177305.10030749935,4.33891356337547,89.10146908097028,5.6827240633185285,3.177314656645029,10.146908097027673,14.964127092586264,43.008363349,-85.739336578
1362,2013,49544,8853.0,7668.0,638.0,4513.0,462.0,1210.0,786.0,313.0,Kent,59869.95302137305,839.7201371927008,164150.89909296567,7.20659663390941,86.61470687902406,5.218569976279228,3.5355246808991305,8.878346323280244,13.6676832712075,43.008363349,-85.739336578
1363,2014,49544,8828.0,7790.0,589.0,4584.0,360.0,1395.0,976.0,291.0,Kent,58268.13092220871,834.0383211678833,158956.3775682617,6.671952877208881,88.24195740824649,4.077933846850929,3.296329859537834,11.05573176257363,15.80199365654735,43.008363349,-85.739336578
1364,2015,49544,9232.0,8095.0,649.0,4916.0,263.0,1432.0,932.0,351.0,Kent,61271.56289211322,856.1897754169532,171237.95508339064,7.0298960138648185,87.68414211438474,2.848786828422877,3.801993067590988,10.09532062391681,15.511265164644714,43.008363349,-85.739336578
1365,2016,49544,9586.0,8520.0,418.0,5327.0,174.0,1097.0,841.0,113.0,Kent,62771.85952076397,862.0275991950234,170628.14334581906,4.360525766743168,88.87961610682244,1.815147089505529,1.1788024201961194,8.773210932610057,11.443772167744628,43.008363349,-85.739336578
1366,2017,49544,9960.0,8766.0,563.0,5540.0,116.0,1039.0,772.0,140.0,Kent,63652.78480744125,911.1723482375978,179624.016808094,5.652610441767068,88.01204819277109,1.1646586345381529,1.4056224899598393,7.7510040160642575,10.43172690763052,43.008363349,-85.739336578
1367,2018,49544,10239.0,9017.0,492.0,5694.0,102.0,1163.0,822.0,206.0,Kent,67328.64942833134,940.4120554186064,187961.06759269952,4.805156753589217,88.06524074616662,0.9961910342806914,2.0119152260962987,8.028127746850279,11.358531106553372,43.008363349,-85.739336578
1368,2019,49544,10341.0,9003.0,497.0,5791.0,89.0,1221.0,878.0,233.0,Kent,73389.87414387245,960.6222868922032,198202.8366131184,4.806111594623344,87.06121264868001,0.8606517744898946,2.25316700512523,8.49047480901267,11.80736872642878,43.008363349,-85.739336578
1369,2020,49544,10181.0,8482.0,413.0,5763.0,78.0,1079.0,790.0,186.0,Kent,67544.9001163011,967.7526998466062,219569.1952814989,4.056575974855122,83.3120518613103,0.766132992829781,1.826932521363324,7.75955210686573,10.598173067478635,43.008363349,-85.739336578
1370,2011,49546,32195.0,27089.0,2594.0,14584.0,1528.0,3218.0,1651.0,916.0,Kent,86098.27162030595,896.7441128483722,285413.87398361333,8.057151731635347,84.14039447119119,4.746078583630998,2.8451622922814104,5.1281254853238085,9.99534089144277,42.928555414,-85.54755875
1371,2012,49546,31145.0,26102.0,2673.0,13997.0,1406.0,3401.0,1770.0,898.0,Kent,83609.4410132669,895.8154394278597,279627.130499926,8.582436988280623,83.8079948627388,4.514368277412105,2.88328784716648,5.683095199871568,10.91989083319955,42.928555414,-85.54755875
1372,2013,49546,31140.0,26423.0,2373.0,14340.0,1476.0,3286.0,1761.0,887.0,Kent,88173.23035581673,897.271050022107,281345.4852183021,7.620423892100192,84.85228002569043,4.739884393063584,2.848426461143224,5.655105973025048,10.552344251766216,42.928555414,-85.54755875
1373,2014,49546,32102.0,27367.0,2240.0,14810.0,1353.0,3071.0,1793.0,757.0,Kent,92458.55370539337,903.5415145985402,281359.2237766964,6.977758395115568,85.25014017818205,4.214690673478287,2.358108529063609,5.585321786804561,9.566382156874962,42.928555414,-85.54755875
1374,2015,49546,33337.0,28026.0,2805.0,15679.0,1343.0,2797.0,1731.0,817.0,Kent,94155.16389119768,964.1776750190916,290667.4297624221,8.4140744518103,84.06875243723191,4.028556858745538,2.450730419653838,5.192428832828389,8.390077091519933,42.928555414,-85.54755875
1375,2016,49546,33178.0,27533.0,2635.0,15614.0,1038.0,2992.0,1864.0,719.0,Kent,91410.4730445362,995.3308361839446,300630.53827596694,7.942009765507264,82.98571342455844,3.128579178974019,2.167098679848092,5.618180722165291,9.018023991801796,42.928555414,-85.54755875
1376,2017,49546,33737.0,27694.0,3144.0,16144.0,935.0,2846.0,1756.0,726.0,Kent,90985.46910900784,1039.2088446475195,311638.346116188,9.319145152206776,82.08791534516999,2.771437887186176,2.1519400065210306,5.20496783946409,8.435841953937812,42.928555414,-85.54755875
1377,2018,49546,34517.0,28142.0,3008.0,16423.0,970.0,3032.0,1885.0,689.0,Kent,88676.60980378883,1060.542111530145,322409.6556448048,8.714546455369817,81.53083987600313,2.810209462004229,1.9961178549700147,5.461077150389663,8.784077411130747,42.928555414,-85.54755875
1378,2019,49546,34111.0,27350.0,3277.0,15953.0,944.0,2938.0,1750.0,708.0,Kent,86149.70318043316,1096.4919403732345,340389.2371419519,9.60687168362112,80.17941426519305,2.767435724546334,2.0755767934097507,5.130309870716191,8.613057371522382,42.928555414,-85.54755875
1379,2020,49546,33968.0,27648.0,2904.0,16011.0,729.0,2583.0,1595.0,568.0,Kent,93691.88273295958,1163.1869433679403,340950.34291432746,8.549222797927461,81.3942534149788,2.146137541215261,1.6721620348563355,4.69559585492228,7.604215732454074,42.928555414,-85.54755875
1380,2011,49548,30448.0,23199.0,2827.0,13821.0,1919.0,6120.0,3985.0,1098.0,Kent,55825.70752070561,826.3049982439684,130447.82185392483,9.284682080924856,76.19219653179191,6.302548607461903,3.6061481870730425,13.087887545980031,20.09984235417761,42.870912929,-85.662458644
1381,2012,49548,30155.0,23134.0,3109.0,13743.0,1895.0,6416.0,4296.0,1162.0,Kent,52987.15145866181,825.4773382579684,119043.91839508,10.310064665892888,76.71696236113415,6.284198308738185,3.853423976123363,14.2463936328967,21.276736859558945,42.870912929,-85.662458644
1382,2013,49548,29775.0,22618.0,2971.0,13752.0,1884.0,6234.0,3944.0,1100.0,Kent,51285.71118275046,820.1005078190396,108431.15167176776,9.978169605373637,75.9630562552477,6.327455919395467,3.6943744752308985,13.246011754827874,20.937027707808564,42.870912929,-85.662458644
1383,2014,49548,30052.0,22548.0,2853.0,14248.0,1750.0,5969.0,3722.0,862.0,Kent,50371.79589078129,810.870590024331,102838.98435387944,9.4935445228271,75.02994808997737,5.8232397178224415,2.8683615067216826,12.385198988420072,19.862238786104086,42.870912929,-85.662458644
1384,2015,49548,30234.0,22081.0,3032.0,14715.0,1308.0,6056.0,3203.0,996.0,Kent,52573.39469320766,833.049511216495,101302.93438867255,10.028444797248133,73.03367070185884,4.326255209366938,3.294304425481246,10.59403320764702,20.03042931798637,42.870912929,-85.662458644
1385,2016,49548,31938.0,23352.0,3422.0,15880.0,1157.0,6463.0,3915.0,896.0,Kent,55026.30667438867,842.9842796251776,101818.28196677596,10.71450936188866,73.11666353560022,3.6226438725029744,2.805435531341975,12.258125117414991,20.23608240966873,42.870912929,-85.662458644
1386,2017,49548,32694.0,23495.0,3522.0,16310.0,963.0,6656.0,4210.0,932.0,Kent,56602.07599543081,863.9355825718014,102180.58257180155,10.772618829142962,71.86333883893069,2.9454945861625985,2.85067596500887,12.876980485716032,20.358475561265063,42.870912929,-85.662458644
1387,2018,49548,33303.0,23837.0,3633.0,17019.0,897.0,6401.0,4149.0,826.0,Kent,58625.89425225103,878.526874997511,108602.42446447132,10.90892712368255,71.5761342821968,2.6934510404468064,2.4802570339008496,12.45833708674894,19.220490646488305,42.870912929,-85.662458644
1388,2019,49548,33613.0,24223.0,3469.0,17911.0,683.0,5218.0,3493.0,663.0,Kent,60529.9306257994,901.0303336110492,118945.53874918348,10.320411745455628,72.06437985303306,2.0319519233629846,1.9724511349775389,10.391812691518162,15.523755689762888,42.870912929,-85.662458644
1389,2020,49548,33608.0,23289.0,3177.0,17354.0,722.0,5203.0,3357.0,749.0,Kent,59764.02713176797,904.1777049661724,125737.21209685836,9.453106403237324,69.29600095215424,2.1482980242799337,2.228636039038324,9.988693168293263,15.481432992144727,42.870912929,-85.662458644
